,customer_unique_id,productId,estimator
28371,6b88451897a1732390441060cbb92f0a,014a8a503291921f7b004a5215bb3c36,0.0
28410,700bca91ce2b57d63ac40d9a28097da8,014a8a503291921f7b004a5215bb3c36,1.0
28504,7959ffbef5378bff095bae2150070250,014a8a503291921f7b004a5215bb3c36,0.0
28871,9d841a91b5b7d1451157dbc8cd94ae8e,014a8a503291921f7b004a5215bb3c36,0.0
29516,e28538e3001edb06752b7fc98b6ed97e,014a8a503291921f7b004a5215bb3c36,0.0
33336,6afe12a6671753d4c6e52acc8438910b,0152f69b6cf919bcdaf117aa8c43e5a2,0.0
33824,9bc618f4342f7a10359d134f63241aa9,0152f69b6cf919bcdaf117aa8c43e5a2,0.0
34678,f526077dd7bdfdb1a6e10cd6b194b548,0152f69b6cf919bcdaf117aa8c43e5a2,1.0
34747,fb920961e4d8e55fd9c357976a611765,0152f69b6cf919bcdaf117aa8c43e5a2,1.0
146620,005754cb59f8ee5cdbb5cda9d138757e,05f0fe07929d35be0748fac56eecbeb2,0.0
147456,57f36f673a04f9fa8e90f54920061a9d,05f0fe07929d35be0748fac56eecbeb2,1.0
148870,eaba6c1c62884cc102920d3cd01bb8d8,05f0fe07929d35be0748fac56eecbeb2,0.0
150559,96701d73665eab8fc6fecb9863266efe,060cb19345d90064d1015407193c233d,1.0
150748,aaad6d68de5490cba508e4203ddc87de,060cb19345d90064d1015407193c233d,0.0
151016,c735c714dbe80672320182bb48bba3ba,060cb19345d90064d1015407193c233d,0.0
189270,297c96c54137df28ac996350c38196d4,06edb72f1e0c64b14c5b79353f7abea3,0.0
189471,3ecd7605ac791ae065e2ab8512934e5e,06edb72f1e0c64b14c5b79353f7abea3,1.0
190188,8a3b2a4cc28d91f16a8e0dc4d08bc0ba,06edb72f1e0c64b14c5b79353f7abea3,0.0
190745,c4912bc35e8078d9238b56975dfdf104,06edb72f1e0c64b14c5b79353f7abea3,1.0
199482,477f7f182e8da105ba6713c0d5a24f15,0705b33fb285827a578fce4899f1b921,0.0
200427,a84aef39a04e5f69d51765a8a7e6a597,0705b33fb285827a578fce4899f1b921,1.0
236205,0ac10a57d07e3d38b11f66283c44672b,08056d78bb75ed3ace107c72c16ec511,1.0
236781,49e32d4f13ac76d97d32f1a6e2b37df4,08056d78bb75ed3ace107c72c16ec511,0.0
333506,3401b2c012028523ff2264050b7f68b3,0a57f7d2c983bcf8188589a5fea4a8da,0.0
334031,6c2f6983a60ac0dc8a9ee65579959538,0a57f7d2c983bcf8188589a5fea4a8da,1.0
378484,50344414b85e2dc2ef9fc59c456aab28,0bcc3eeca39e1064258aa1e932269894,0.0
378594,5af895ee7ff98368a5bf6faeddd18cec,0bcc3eeca39e1064258aa1e932269894,1.0
378796,70115d0e9a0d564ff0bb0315ccaae0eb,0bcc3eeca39e1064258aa1e932269894,0.0
379344,a78856b0e5b47a539274777a789acd6c,0bcc3eeca39e1064258aa1e932269894,0.0
510504,703ad0f8e84588554b834ea24c894ea5,1034b97aafcca692c8a2157f58f5b637,0.0
511657,e8006a297a4d7f1e1b15fafc296ad757,1034b97aafcca692c8a2157f58f5b637,1.0
612102,53450c9f7c8f500dfffa60a6e1f8187b,130482add9fd75ccb6c57ba007694a2d,1.0
613534,e73ccd01efa72e05476abdfa25f36208,130482add9fd75ccb6c57ba007694a2d,1.0
613750,fb82affcdf98ee48d9d36c7feb802417,130482add9fd75ccb6c57ba007694a2d,0.0
631798,3e5306add1209e5ba184092dd1587282,138dac44dc568cd36c6f1d1e5e181d5d,0.0
633525,f1939ce96b04762f66d2379397610d33,138dac44dc568cd36c6f1d1e5e181d5d,1.0
646884,523b7915f240831d06b34ab9b804a200,142edaf86e4eb5d0f928534667ab63f7,0.0
647316,7e3ddeb77eebb835c1d0721b5e203791,142edaf86e4eb5d0f928534667ab63f7,1.0
676922,67fcfe4915b93624867d350b8191ff7b,154e7e31ebfa092203795c972e5804a6,0.0
676984,6e6fdec52c6dbf58721bf7a4eaf5b679,154e7e31ebfa092203795c972e5804a6,1.0
677090,7973a6ba9c81ecaeb3d628c33c7c7c48,154e7e31ebfa092203795c972e5804a6,0.0
677181,82809cee3c35eb89b4dd4d2d1a22eedf,154e7e31ebfa092203795c972e5804a6,0.0
677209,851eefea71a07755f017e75fae31f2fd,154e7e31ebfa092203795c972e5804a6,0.0
677377,964c3e09819399f8ed3e589a1c9a95e8,154e7e31ebfa092203795c972e5804a6,1.0
677617,afc79cb8de7d350f1909eb6dcd0cb8dc,154e7e31ebfa092203795c972e5804a6,1.0
677677,b65b4e0ccf23f096b3eb8bce350a400a,154e7e31ebfa092203795c972e5804a6,0.0
677733,bb4d84a2b45b22ed710ac8c0dec63d1a,154e7e31ebfa092203795c972e5804a6,0.0
677790,c25d2fb6d22e04ce43c3652e3cacadad,154e7e31ebfa092203795c972e5804a6,0.0
678131,e5b6fb6c5e7e4adc25a5e400c0104508,154e7e31ebfa092203795c972e5804a6,0.0
678194,ec99f30f38afadbfbae32d5883734ded,154e7e31ebfa092203795c972e5804a6,0.0
678223,eed42da7ee2f3ce26ab52758e63d855f,154e7e31ebfa092203795c972e5804a6,0.0
678290,f4ff1a79dac99d99375405621276c176,154e7e31ebfa092203795c972e5804a6,0.0
710734,01f382f4c95df31e05e27f1151a015a0,1612209b0b37fbe80e1e8e1b7d19ca1d,1.0
711087,24fee3e769e87ce93288b0d46811bb1c,1612209b0b37fbe80e1e8e1b7d19ca1d,1.0
713066,f3d7cb12e7dc54a424d935aae4426461,1612209b0b37fbe80e1e8e1b7d19ca1d,0.0
723270,0b6d4f036c07e10854affe43fc4e718c,165f86fe8b799a708a20ee4ba125c289,0.0
723843,49f098d93c4bbe47548b9351fb2a76ce,165f86fe8b799a708a20ee4ba125c289,1.0
724844,b14ef688a7c1a52e7437298085d9d62b,165f86fe8b799a708a20ee4ba125c289,1.0
725329,e374f0ed9ec35b9af339460a75c4d096,165f86fe8b799a708a20ee4ba125c289,0.0
807652,0241fa2e9adf0576cb0f845377d05c03,18b0e642cbae7251e60a64aa07dd9eb9,0.0
808708,709c4c5ec8924ff8c85de5801b65458b,18b0e642cbae7251e60a64aa07dd9eb9,1.0
810034,f90940bd21d1ea482d06b952e7c30916,18b0e642cbae7251e60a64aa07dd9eb9,1.0
872362,0a7ae5b58e1e8ceada8ba1d6510d30df,1a758361b1c10b3ffe3d3373332de319,1.0
872543,1db716b277f04a5bbaafaaf1ae8a94c8,1a758361b1c10b3ffe3d3373332de319,0.0
1030288,9965b95d68fa869be279b8b2b6f8cf20,1ec486885049bbb9b79351d150ed18c4,1.0
1030483,afa48434d8fe6dac9ae68c1f24947371,1ec486885049bbb9b79351d150ed18c4,1.0
1031187,f7d319c00224031393f1ba82343db3d6,1ec486885049bbb9b79351d150ed18c4,0.0
1083502,037825369fca3cecc1c05ebbce8b7f96,2028bf1b01cafb2d2b1901fca4083222,1.0
1083554,084b6a94c8cdb12b4ee05006af246aa0,2028bf1b01cafb2d2b1901fca4083222,1.0
1083600,0c7f64065de0b9e719b025ee069d33f8,2028bf1b01cafb2d2b1901fca4083222,0.0
1084037,3a62daf401b9dece811f8c31e0d01b43,2028bf1b01cafb2d2b1901fca4083222,1.0
1084325,5a1660d7af1ab417e55c72b396010989,2028bf1b01cafb2d2b1901fca4083222,1.0
1086197,1842d12ff8f27b3e8a95f5a98a14dfb3,2029248294c186017ecfc48cecd47bbd,1.0
1087563,a6c7bbea6e469cbc9a4cd1fe3c7aff12,2029248294c186017ecfc48cecd47bbd,0.0
1128634,2d73921f8b657537c34508cc330e022e,2136c70bbe723d338fab53da3c03e6dc,1.0
1128724,35bbb96d850c5f9ab81302b4dd1670c4,2136c70bbe723d338fab53da3c03e6dc,0.0
1129005,55dfea89540867cbe96091b82db0cb06,2136c70bbe723d338fab53da3c03e6dc,0.0
1129021,572f6043f6dab541eec0b9284b904dc5,2136c70bbe723d338fab53da3c03e6dc,0.0
1129628,94a9befc1bfdb4653e8afb91a8c79955,2136c70bbe723d338fab53da3c03e6dc,1.0
1129638,95aaa16c1b45878b2bf84bca34869884,2136c70bbe723d338fab53da3c03e6dc,0.0
1129902,b1acdafc7f3a6e64a03daa1ca70faa4f,2136c70bbe723d338fab53da3c03e6dc,0.0
1130217,d24e1d0902dac57dd313bcf4f9c80160,2136c70bbe723d338fab53da3c03e6dc,0.0
1130335,df9d2585c3e7b4f8904b1933e5ad2c7c,2136c70bbe723d338fab53da3c03e6dc,0.0
1130568,f5b4f7a0a21131d5cdf1b3f551c5797f,2136c70bbe723d338fab53da3c03e6dc,0.0
1130601,f94be6793b2753d7cae83ebcd73efcc8,2136c70bbe723d338fab53da3c03e6dc,0.0
1170629,123e832e5bc4433b37c02b5e495b9cc2,22c5ddc22ea8cae84fc9917def682dc6,1.0
1171973,9e2b2b5613fe2b1868be992967ebee82,22c5ddc22ea8cae84fc9917def682dc6,1.0
1172498,d5a9d15e470b34ead768e08a7f1ca239,22c5ddc22ea8cae84fc9917def682dc6,1.0
1172563,ddb6c620ec1a4a81641076966fda30ee,22c5ddc22ea8cae84fc9917def682dc6,0.0
1195950,4608610d6205cfdc1821ebd081f34081,2362291929f77eccf5f5cb26029dcf90,1.0
1197250,cc14ea7099959d91a17c9d7c3a46721d,2362291929f77eccf5f5cb26029dcf90,0.0
1257437,0241fa2e9adf0576cb0f845377d05c03,24c9d329963373e2fccaa3f3204db19e,0.0
1259777,f4bb7e15b8197cc177adec7d3ca5923c,24c9d329963373e2fccaa3f3204db19e,1.0
1337100,0f35e8fce704f0cc89cb5f34965e4776,283dc451ad3918badb976d56ff887289,1.0
1337261,209e5691e2cda59cd71e45417d7f95a2,283dc451ad3918badb976d56ff887289,0.0
1337426,326bc355e093f9c33108fdc27232be25,283dc451ad3918badb976d56ff887289,1.0
1338126,7bff4fff725edd40fde6f0ac1eb0e2dc,283dc451ad3918badb976d56ff887289,0.0
1338213,84a970f5003150a26ba0cec70be40102,283dc451ad3918badb976d56ff887289,1.0
1338481,a0bdbb9ab9c09b5a534cdac6c1809527,283dc451ad3918badb976d56ff887289,1.0
1338810,c4063084f01f085897c04bcbd81fcb69,283dc451ad3918badb976d56ff887289,0.0
1392490,5c0916024bf8ac6780aa07dce317aaf6,29b18b99ca3c94cea05efa9e11465440,1.0
1393766,e185c409705237e14313f1ea04f1699d,29b18b99ca3c94cea05efa9e11465440,0.0
1451437,12b62a8d3c4911b9a80b935037842fc0,2b4609f8948be18874494203496bc318,0.0
1451861,3ffacb53c40311db8fd3827edd3d47b3,2b4609f8948be18874494203496bc318,1.0
1451954,4b1141303289a23d05776bd25076c2fd,2b4609f8948be18874494203496bc318,1.0
1452405,78c5f76b60a3a2588635aadc70e34df7,2b4609f8948be18874494203496bc318,1.0
1453110,c25d2fb6d22e04ce43c3652e3cacadad,2b4609f8948be18874494203496bc318,0.0
1453172,c89baff4e3b659c48ebff23a7767799b,2b4609f8948be18874494203496bc318,1.0
1453451,e5b6fb6c5e7e4adc25a5e400c0104508,2b4609f8948be18874494203496bc318,0.0
1453514,ec99f30f38afadbfbae32d5883734ded,2b4609f8948be18874494203496bc318,0.0
1453543,eed42da7ee2f3ce26ab52758e63d855f,2b4609f8948be18874494203496bc318,0.0
1690748,629b332ea51d24fe298ca6074f35c6cb,3321ad579f19476d0d668f726f8dffec,1.0
1691819,d10fb5de0a3fed8a598aa7fd3aa1be14,3321ad579f19476d0d668f726f8dffec,0.0
1764396,03cccac05d316dc60827fa7abedd608e,35afc973633aaeb6b877ff57b2793310,0.0
1764445,08757efd409ffae44fa531f49b144b2c,35afc973633aaeb6b877ff57b2793310,1.0
1764556,138a7cdb83d4045819dce1ced63ce65d,35afc973633aaeb6b877ff57b2793310,0.0
1764827,3052fa07cdb3c836b158402ea4ee6fb8,35afc973633aaeb6b877ff57b2793310,0.0
1765126,5182c0939da37d2f3acd9f2fb8b60d4f,35afc973633aaeb6b877ff57b2793310,0.0
1765343,66e56177b9bf464a930e57edc3694403,35afc973633aaeb6b877ff57b2793310,0.0
1765389,6be28ae15cd1e7b3f3f36ac483512822,35afc973633aaeb6b877ff57b2793310,0.0
1765487,7634efb2f26e897125a36155a6f92889,35afc973633aaeb6b877ff57b2793310,1.0
1765521,7989d259bdf69447ee8e00970c3f3228,35afc973633aaeb6b877ff57b2793310,0.0
1765557,7cbfdb67d344d745e097fbb2a570c9e6,35afc973633aaeb6b877ff57b2793310,0.0
1765570,7e69734dad7cfcbe95aa59f38095057d,35afc973633aaeb6b877ff57b2793310,0.0
1765858,9a56d30e286ddea1374c143d111de34d,35afc973633aaeb6b877ff57b2793310,0.0
1765916,a1cf0b1b6d8bdb6170db08446546b6f5,35afc973633aaeb6b877ff57b2793310,0.0
1766034,af417df88fa589d65603e559ee80a22c,35afc973633aaeb6b877ff57b2793310,0.0
1766525,e238fba997eec80e48bf8d8689877d89,35afc973633aaeb6b877ff57b2793310,0.0
1766622,ec8cf19822473555370553d399f7a654,35afc973633aaeb6b877ff57b2793310,0.0
1766714,f491ee1c8b179ef20bf46bf58085b51a,35afc973633aaeb6b877ff57b2793310,0.0
1766828,ff5f29fbfd0a13f7e7ed9f7b92a32194,35afc973633aaeb6b877ff57b2793310,0.0
1772799,66ef0f6dcdc95b7e600de7636185ec99,35e2ccd07a55da4eaf8c613e6d8c92c4,1.0
1773150,8c532c86e424b28e85997dd891e26d5d,35e2ccd07a55da4eaf8c613e6d8c92c4,0.0
1782102,230b7f6050862e4d39911debaa3088ef,363218ba55c610b750224f90bdd34be1,1.0
1782333,3c555d15cca5369965d1759ad9530a66,363218ba55c610b750224f90bdd34be1,0.0
1782604,59ad0211f363428b2d44b121725e87b2,363218ba55c610b750224f90bdd34be1,0.0
1790021,5692f45005b99d929b723b96408957ec,368c6c730842d78016ad823897a372db,0.0
1790074,5af895ee7ff98368a5bf6faeddd18cec,368c6c730842d78016ad823897a372db,1.0
1790092,5c418501b87e13cd0dfdb50fe6f1d96d,368c6c730842d78016ad823897a372db,0.0
1790114,5ebc16fa8e8f7628425904c85c99760a,368c6c730842d78016ad823897a372db,0.0
1790313,73b78f75df448f01b52aee67c38e1b4d,368c6c730842d78016ad823897a372db,0.0
1790382,7a8afce0fdb6cd5e748818e19f1e223a,368c6c730842d78016ad823897a372db,0.0
1790625,9407262ed391a65dd55d3e0d31866002,368c6c730842d78016ad823897a372db,0.0
1790745,a029899dd8534557a81c369475ff80c8,368c6c730842d78016ad823897a372db,0.0
1790868,addc1082e059523e5ef2e7486d1d8905,368c6c730842d78016ad823897a372db,0.0
1791129,c85df1c6ef6f7bb605e1c49d34f172ee,368c6c730842d78016ad823897a372db,1.0
1791215,d0ed9308bbe21930c658ae7a063d040e,368c6c730842d78016ad823897a372db,0.0
1791256,d50c10b739ca1b20e38519852508ad9b,368c6c730842d78016ad823897a372db,0.0
1791395,e378ece7324086aedbcb98b5f5eed332,368c6c730842d78016ad823897a372db,0.0
1806686,080a538ba865739bd97c3ffd9e71bcf0,36f60d45225e60c7da4558b070ce4b60,0.0
1806762,0f10d99ee99ca3d0489f2f2169b41ec3,36f60d45225e60c7da4558b070ce4b60,0.0
1806956,237dfb57ee5ac9e68310bfd4bd816149,36f60d45225e60c7da4558b070ce4b60,0.0
1807011,2a532e879c1278727d9d7001890cd333,36f60d45225e60c7da4558b070ce4b60,0.0
1807029,2c03431d52e6ae4479a2a2310fb2e481,36f60d45225e60c7da4558b070ce4b60,0.0
1807126,357ae7be4a22fee3a22cca59f6b681fc,36f60d45225e60c7da4558b070ce4b60,0.0
1807336,4e32c2752aeaa8d8b99da2b145a1c826,36f60d45225e60c7da4558b070ce4b60,0.0
1807505,5e6ff5789e4d6b6d6f2a801e4da72e7a,36f60d45225e60c7da4558b070ce4b60,0.0
1807874,8418b8ecfc9702b5eacddc5e75a4dcca,36f60d45225e60c7da4558b070ce4b60,0.0
1807983,90c312d2299d36c16bbaa3d717b3dfba,36f60d45225e60c7da4558b070ce4b60,0.0
1807995,91da289fa4deba62c108246d150a8f4e,36f60d45225e60c7da4558b070ce4b60,0.0
1808034,94aea9aae532453c72b6afbfe0eaec10,36f60d45225e60c7da4558b070ce4b60,1.0
1808124,9cb94124fb0fda10d04fccc5477573b6,36f60d45225e60c7da4558b070ce4b60,0.0
1808168,a231b02134665d0d59438a0008e6e082,36f60d45225e60c7da4558b070ce4b60,0.0
1808192,a4669a28dd126c93ca64ddf49a15e496,36f60d45225e60c7da4558b070ce4b60,0.0
1808413,bc5648f2c5f11d59052573a2c8bff9b3,36f60d45225e60c7da4558b070ce4b60,1.0
1808431,be4eb163762cf164f26f81021c4a5e97,36f60d45225e60c7da4558b070ce4b60,0.0
1808438,bf257f507db19138f5bc4065313c1f87,36f60d45225e60c7da4558b070ce4b60,1.0
1808582,ce87153ae6d1e210517154ec1057aad5,36f60d45225e60c7da4558b070ce4b60,0.0
1808653,d535471db72095137da93810c98af688,36f60d45225e60c7da4558b070ce4b60,0.0
1808865,ec441c1966bfa602976763f330fc5168,36f60d45225e60c7da4558b070ce4b60,0.0
1814654,3dda04e84e15bfab1e5cca523130d064,372124d6931c4bc48dd0d56075ebee7c,0.0
1815088,6bd5b501f37638859ccc1dc94cce730d,372124d6931c4bc48dd0d56075ebee7c,1.0
1819929,5e33331e26d0a4e1f3fe84b3f9c5549b,372645c7439f9661fbbacfd129aa92ec,1.0
1820123,72ff384d757b9a86b989214e8801b21f,372645c7439f9661fbbacfd129aa92ec,0.0
1861293,0246f8de7fe5a9cb5e3a3fffa3cf0da4,386eebb43722ab502f04f7900bd2451b,0.0
1863123,c0be0cb64640de5fe50b0b238339db96,386eebb43722ab502f04f7900bd2451b,1.0
1873699,00ec23a308504080697e5204d3dbcb2c,389d119b48cf3043d311335e499d9c6b,0.0
1873786,0880a12c3591cb1e3f6f23567adae7c1,389d119b48cf3043d311335e499d9c6b,0.0
1873826,0c303bd1eccb3d9bcda642c900a8e336,389d119b48cf3043d311335e499d9c6b,1.0
1874063,24ef20f64a513f7b0b0767fccb5a0ada,389d119b48cf3043d311335e499d9c6b,1.0
1874338,43103ed378c67d1df45d3028173f68f7,389d119b48cf3043d311335e499d9c6b,0.0
1874423,4d6bd0eb9e942d7ecd71731ebc321e23,389d119b48cf3043d311335e499d9c6b,0.0
1874511,5692f45005b99d929b723b96408957ec,389d119b48cf3043d311335e499d9c6b,0.0
1874803,73b78f75df448f01b52aee67c38e1b4d,389d119b48cf3043d311335e499d9c6b,0.0
1875152,96b482d81d31251add90a9fe63fbbcec,389d119b48cf3043d311335e499d9c6b,0.0
1875235,a029899dd8534557a81c369475ff80c8,389d119b48cf3043d311335e499d9c6b,0.0
1875314,a78856b0e5b47a539274777a789acd6c,389d119b48cf3043d311335e499d9c6b,0.0
1875407,b233915725d368ec61c224efb81ed915,389d119b48cf3043d311335e499d9c6b,0.0
1875577,c4a5dbcdc7c33758cf5efff999c6203c,389d119b48cf3043d311335e499d9c6b,0.0
1875591,c5d3ed7ec11b725a565192292bb411cc,389d119b48cf3043d311335e499d9c6b,0.0
1875640,ca505f00e361296c5d92e01d245671e6,389d119b48cf3043d311335e499d9c6b,0.0
1933792,2e9e0d2396e2ed1a9b9180a1e8300cfd,3b0f7951038b105522c2d566b54421f7,0.0
1933988,451c75780b8982c9750fd4d606645428,3b0f7951038b105522c2d566b54421f7,1.0
2025404,0abee71cd257861a0944e2a81cea4a50,3e5201fe0d1ba474d9b90152c83c706c,0.0
2025787,33a3ca7b54324e31305439ac480085eb,3e5201fe0d1ba474d9b90152c83c706c,0.0
2026526,8190d0cbc8a4e51b3d707505a79a9f6e,3e5201fe0d1ba474d9b90152c83c706c,0.0
2026575,86e5bace0b99ae394e73ee02a28fa10e,3e5201fe0d1ba474d9b90152c83c706c,0.0
2027233,cb525772eb23f6e4d2e29a0414a5f3bc,3e5201fe0d1ba474d9b90152c83c706c,0.0
2027242,cc2f4b11c79236ea5c480e6d183f8017,3e5201fe0d1ba474d9b90152c83c706c,0.0
2027635,f42b136b817fc56506451c4dcc4f2b0b,3e5201fe0d1ba474d9b90152c83c706c,1.0
2052701,080a538ba865739bd97c3ffd9e71bcf0,3f14d740544f37ece8a9e7bc8349797e,0.0
2052777,0f10d99ee99ca3d0489f2f2169b41ec3,3f14d740544f37ece8a9e7bc8349797e,0.0
2053026,2a532e879c1278727d9d7001890cd333,3f14d740544f37ece8a9e7bc8349797e,0.0
2053141,357ae7be4a22fee3a22cca59f6b681fc,3f14d740544f37ece8a9e7bc8349797e,0.0
2053520,5e6ff5789e4d6b6d6f2a801e4da72e7a,3f14d740544f37ece8a9e7bc8349797e,0.0
2054139,9cb94124fb0fda10d04fccc5477573b6,3f14d740544f37ece8a9e7bc8349797e,0.0
2054597,ce87153ae6d1e210517154ec1057aad5,3f14d740544f37ece8a9e7bc8349797e,0.0
2054668,d535471db72095137da93810c98af688,3f14d740544f37ece8a9e7bc8349797e,0.0
2054880,ec441c1966bfa602976763f330fc5168,3f14d740544f37ece8a9e7bc8349797e,0.0
2054954,f2474ef11461417fe38bd0ff2bef76c9,3f14d740544f37ece8a9e7bc8349797e,1.0
2093228,59a2c18c257098c550b92d28d79d7e36,40a13d0a09a3d1334e8537ce3194f0ec,1.0
2093536,78d4b99ae47914661abd3c888cb94efb,40a13d0a09a3d1334e8537ce3194f0ec,0.0
2115355,3ff01063b5e9ac29b967bac52fa3fd33,414c53fa9c5cc4a0390682aeb2e25ec1,0.0
2115495,4faddb71b28a095ba04a31c33d1062c8,414c53fa9c5cc4a0390682aeb2e25ec1,0.0
2115621,5bc8c5d5447bbc14693f42df5ed88fbc,414c53fa9c5cc4a0390682aeb2e25ec1,1.0
2147136,0880a12c3591cb1e3f6f23567adae7c1,422879e10f46682990de24d770e7f83d,0.0
2147144,08f41d7a0e37794d8852fc796141e2e6,422879e10f46682990de24d770e7f83d,1.0
2147181,0c9370f31e3bf20c068a9d9ada3ea903,422879e10f46682990de24d770e7f83d,1.0
2147592,372c5519d40e30b96734fec213649f25,422879e10f46682990de24d770e7f83d,0.0
2147633,3ccc59a10bd8a1eb4613a41f34aeef5b,422879e10f46682990de24d770e7f83d,0.0
2147914,5af895ee7ff98368a5bf6faeddd18cec,422879e10f46682990de24d770e7f83d,1.0
2147925,5bc738a48bdb9ca1f798d56de2cce84c,422879e10f46682990de24d770e7f83d,0.0
2148021,657a35b64b54d9b754bbfaba56d255bc,422879e10f46682990de24d770e7f83d,0.0
2148116,70115d0e9a0d564ff0bb0315ccaae0eb,422879e10f46682990de24d770e7f83d,0.0
2148502,96b482d81d31251add90a9fe63fbbcec,422879e10f46682990de24d770e7f83d,0.0
2148585,a029899dd8534557a81c369475ff80c8,422879e10f46682990de24d770e7f83d,0.0
2148757,b233915725d368ec61c224efb81ed915,422879e10f46682990de24d770e7f83d,0.0
2148927,c4a5dbcdc7c33758cf5efff999c6203c,422879e10f46682990de24d770e7f83d,0.0
2148990,ca505f00e361296c5d92e01d245671e6,422879e10f46682990de24d770e7f83d,0.0
2149184,df76d1efc22b15300619dd981a0c3d1c,422879e10f46682990de24d770e7f83d,0.0
2149496,fcaba43cfd594b9a6e1389bcbd33d5bd,422879e10f46682990de24d770e7f83d,1.0
2157145,0efd4833752113fedce2e7250d49d5ac,4244733e06e7ecb4970a6e2683c13e61,1.0
2158256,840f10bde3c94907105e032d9c2fec3b,4244733e06e7ecb4970a6e2683c13e61,0.0
2240422,949b75abf6fdda78201547bf5f4c07f5,44d097d59e8430f88a67517cd0c4f865,0.0
2240980,cfb82bcf7df6cc44ee0dd204e6b03fd7,44d097d59e8430f88a67517cd0c4f865,1.0
2288741,04f466d6234a805ba36301c1d054b343,461f43be3bdf8844e65b62d9ac2c7a5a,0.0
2289763,703ac5ef51ac1e720a792f4b24d74cc8,461f43be3bdf8844e65b62d9ac2c7a5a,1.0
2290104,935b9c5a3162185f88dac06d8d08d623,461f43be3bdf8844e65b62d9ac2c7a5a,0.0
2290162,9832ae2f7d3e5fa4c7a1a06e9551bc61,461f43be3bdf8844e65b62d9ac2c7a5a,0.0
2390578,00cc12a6d8b578b8ebd21ea4e2ae8b27,48ee9be392f28ae3a64518a070f4d06a,1.0
2392355,b8f5e262105d173c8b1a866469789648,48ee9be392f28ae3a64518a070f4d06a,0.0
2392593,d18226975e699290279749eb64a11da2,48ee9be392f28ae3a64518a070f4d06a,0.0
2585911,9ab6bf6526a2012673c221eab415e362,4ebab6a2135a2477b657bda38646b64b,0.0
2586108,b138f736fd2e7162cbee29b5d691f95f,4ebab6a2135a2477b657bda38646b64b,1.0
2621749,0661e01d452f82266d0d2ad2ab668575,4fcb3d9a5f4871e8362dfedbdb02b064,1.0
2622539,59deaa85810b3c3af6536e02d782a90c,4fcb3d9a5f4871e8362dfedbdb02b064,0.0
2622667,66d5f99377fe9807805f089baa65c715,4fcb3d9a5f4871e8362dfedbdb02b064,0.0
2622997,892a397bf8506b6c30355f3fc1338900,4fcb3d9a5f4871e8362dfedbdb02b064,0.0
2623128,961ca706a9f7e9d6a4ba81922cde9730,4fcb3d9a5f4871e8362dfedbdb02b064,0.0
2623306,a87e9657be1c58f418a0e3de07ae6a71,4fcb3d9a5f4871e8362dfedbdb02b064,1.0
2623399,b2b114ecefe93aa93d0f2bdd14ac8f84,4fcb3d9a5f4871e8362dfedbdb02b064,0.0
2623534,c0fc2e3595c750de75d36e7db9399e83,4fcb3d9a5f4871e8362dfedbdb02b064,0.0
2747149,7ec90d689376a4d8aee359183d6f5b0a,52c80cedd4e90108bf4fa6a206ef6b03,1.0
2747442,9b85684cedccb35b49cbad4fcfe04417,52c80cedd4e90108bf4fa6a206ef6b03,0.0
2747658,b388ef1fc20ac12fa9fb8bd448d2f961,52c80cedd4e90108bf4fa6a206ef6b03,0.0
2748219,edd176efa31cbfc929efbac163cb45a6,52c80cedd4e90108bf4fa6a206ef6b03,0.0
2759380,6aeb14662eeb6302659fb549abeccce0,5328338cfaa16ba10561cd970c73ca11,1.0
2760399,d44ccec15f5f86d14d6a2cfa67da1975,5328338cfaa16ba10561cd970c73ca11,0.0
2765814,00ec23a308504080697e5204d3dbcb2c,53759a2ecddad2bb87a079a1f1519f73,0.0
2765901,0880a12c3591cb1e3f6f23567adae7c1,53759a2ecddad2bb87a079a1f1519f73,0.0
2765984,0fd475edfa0b61c59ecde6f89c21dedb,53759a2ecddad2bb87a079a1f1519f73,1.0
2766141,21559d7ff0ebff720e5e160184338fed,53759a2ecddad2bb87a079a1f1519f73,0.0
2766398,3ccc59a10bd8a1eb4613a41f34aeef5b,53759a2ecddad2bb87a079a1f1519f73,0.0
2766488,47a71b49f98984efd3c62cb213f977e8,53759a2ecddad2bb87a079a1f1519f73,1.0
2766690,5bc738a48bdb9ca1f798d56de2cce84c,53759a2ecddad2bb87a079a1f1519f73,0.0
2766702,5cbfdb85ec130898108b32c50d619c39,53759a2ecddad2bb87a079a1f1519f73,0.0
2766720,5ebc9e66c6f7fc4edad3775ce325f4e3,53759a2ecddad2bb87a079a1f1519f73,1.0
2766891,7101512429309e75acf4faaee55e5af0,53759a2ecddad2bb87a079a1f1519f73,0.0
2766987,7a8afce0fdb6cd5e748818e19f1e223a,53759a2ecddad2bb87a079a1f1519f73,0.0
2767101,8635f91d481482da68f901e2f6de5c9a,53759a2ecddad2bb87a079a1f1519f73,0.0
2767145,8ba03ea7a871bdaebd65e7a4ced27c2d,53759a2ecddad2bb87a079a1f1519f73,0.0
2767350,a029899dd8534557a81c369475ff80c8,53759a2ecddad2bb87a079a1f1519f73,1.0
2767731,c82fcd6d4d15d0b52c8dad81603e46f8,53759a2ecddad2bb87a079a1f1519f73,0.0
2768112,ef3b6ab8a1704ead096adbcdee78284b,53759a2ecddad2bb87a079a1f1519f73,0.0
2768154,f2e0c95f9c0e971bb561b11ecf5a95d3,53759a2ecddad2bb87a079a1f1519f73,0.0
2773486,151df37be743c72ef08c3934db54d338,53b36df67ebb7c41585e8d54d6772e08,1.0
2773585,2004ba7732339d9be65f2236d8887ae4,53b36df67ebb7c41585e8d54d6772e08,0.0
2773661,284d2eeffc71e4a5eb32b22deec74c71,53b36df67ebb7c41585e8d54d6772e08,1.0
2773776,3401b2c012028523ff2264050b7f68b3,53b36df67ebb7c41585e8d54d6772e08,0.0
2774042,5232e2bc3a7efa19db39982eac1fe7fe,53b36df67ebb7c41585e8d54d6772e08,0.0
2774737,9832ae2f7d3e5fa4c7a1a06e9551bc61,53b36df67ebb7c41585e8d54d6772e08,0.0
2775315,d4d13f7f2d183537ba2074adf27b155e,53b36df67ebb7c41585e8d54d6772e08,0.0
2775411,e07ced752d77608fad5260c058e09266,53b36df67ebb7c41585e8d54d6772e08,0.0
2843944,7305430719d715992b00be82af4a6aa8,553e0e7590d3116a072507a3635d2877,1.0
2845022,e2ad62287d09d865cc01cad90869dd91,553e0e7590d3116a072507a3635d2877,0.0
2947445,15d2493aa522c1040d639aa74bd1fb31,58bef3ad35aed45b92cf03510e6cf5ce,0.0
2948529,88d0279c935c078fb22ab064fd30874c,58bef3ad35aed45b92cf03510e6cf5ce,1.0
2955229,38a4f1deb45ca914dd13c73b41775d71,58efb9b638561ce132216a9a612513e2,0.0
2955631,63cfc61cee11cbe306bff5857d00bfe4,58efb9b638561ce132216a9a612513e2,0.0
2956334,adf458f98e9ee1dcbdf88c2536ea0596,58efb9b638561ce132216a9a612513e2,1.0
2956476,bb148baa21a7909dc588f566d9f5bdb5,58efb9b638561ce132216a9a612513e2,0.0
3057848,86618766c9dacd2ccd49fb6492ddcbbf,5b8a5a9417210b1b84b67b9a7aefb935,0.0
3058193,aa26d42b1e161d0deefbd5c9ae974d7c,5b8a5a9417210b1b84b67b9a7aefb935,1.0
3058580,d29019c6fe58343d55caeb6f76ae2278,5b8a5a9417210b1b84b67b9a7aefb935,0.0
3058800,ea5386878274082051c5746cbc6e3087,5b8a5a9417210b1b84b67b9a7aefb935,0.0
3072715,821e4e781313d2eb18711efe7a50d66a,5bfc7506459ae2a7b4b573fe557a58e1,0.0
3072734,83fd68d2b08aaa9b1cc965b48f227f3a,5bfc7506459ae2a7b4b573fe557a58e1,1.0
3080849,c8ce6e595a13490bcc23db5a7915b4e8,5c692818d313aa12864b48ac0c2472c2,0.0
3081060,df9d2585c3e7b4f8904b1933e5ad2c7c,5c692818d313aa12864b48ac0c2472c2,0.0
3081380,fdd7fa582c8fab6e34ac01565a39915b,5c692818d313aa12864b48ac0c2472c2,1.0
3111773,37493be34f11929c2c86137391dec62c,5d7c23067ed3fc8c6e699b9373d5890b,1.0
3112010,53084bbddb6a1c2009a13783c39cd8ee,5d7c23067ed3fc8c6e699b9373d5890b,1.0
3112657,949b75abf6fdda78201547bf5f4c07f5,5d7c23067ed3fc8c6e699b9373d5890b,0.0
3154513,6caedf47165dd303190404ba0d47e802,5eedf4c1aa6ce63c49b7e0c547bf0ad9,0.0
3155034,a20ba663a5abf7b8341d5ba64f23775b,5eedf4c1aa6ce63c49b7e0c547bf0ad9,1.0
3313230,4be8154b42b4593fae17f1b2cb375615,642a40d4d73b4b2604968937de13634a,1.0
3313505,6777d4af8d5920d859e894ea694b04cb,642a40d4d73b4b2604968937de13634a,0.0
3363031,56e3a158ef88285f2c15a83db0b13d93,656e0eca68dcecf6a31b8ececfabe3e8,0.0
3363385,7a5a23b53277ee5e9d10a9d4b6a3b462,656e0eca68dcecf6a31b8ececfabe3e8,0.0
3363400,7bf1c59401206e31a78523077f3a1144,656e0eca68dcecf6a31b8ececfabe3e8,1.0
3363592,9099c659f8cd764e87a1482d258fcec9,656e0eca68dcecf6a31b8ececfabe3e8,0.0
3363599,913e4a0664572d0652473b98b808e7b5,656e0eca68dcecf6a31b8ececfabe3e8,0.0
3433378,a40096fc0a3862e9e12bc55b5f8e6ab2,67fc455b96e0908bc5e0d917237b2977,0.0
3434229,fb98fdc5f7cbfd7fc0e0553becb1e413,67fc455b96e0908bc5e0d917237b2977,1.0
3460326,7c96505ea74fa1be1890dd349acf0eb9,68a058d125ba1544e726898f0b8c0523,1.0
3461014,c53e944da3d3ad66ccb7527165b78681,68a058d125ba1544e726898f0b8c0523,0.0
3461689,075bd6bbcb5b72fdf182f59e501add75,68bf2e76db1d8e846042e54da87399ca,1.0
3462732,7589544c08cc5de364cad85ee73f4b63,68bf2e76db1d8e846042e54da87399ca,0.0
3496853,2e49a3bbeb76297ee0ff49df39c2456c,6a0713a63e990052795623e76cc2995e,1.0
3498542,e016365b624d1755f3e2d0e8f1631ebb,6a0713a63e990052795623e76cc2995e,0.0
3548884,1d33f1c780565a9ad99bf3a56ee0e62d,6bd248f93425ceeb625a8a97e2404112,1.0
3549834,81ea1f2d25c94b2d16c143331381635d,6bd248f93425ceeb625a8a97e2404112,0.0
3550031,95dd9b92502a995203fad959a4ca1695,6bd248f93425ceeb625a8a97e2404112,0.0
3563818,2035b89e9bda1fc115c9c305613d00ab,6c3effec7c8ddba466d4f03f982c7aa3,0.0
3565581,d9b6a81c4d9253f5879e8329d2496e22,6c3effec7c8ddba466d4f03f982c7aa3,1.0
3565865,f568bf284601c5bfb1412ef76dbbff77,6c3effec7c8ddba466d4f03f982c7aa3,1.0
3577173,825f7c168294302e603257cd31e7c593,6c81db10f914c4d032b14fa93aa0a818,1.0
3577894,cd52ca09554e5cc34d9ec28d230008af,6c81db10f914c4d032b14fa93aa0a818,0.0
3618949,52e05f52b2ccd1945aafaae6ceff7ba1,6d7a4492be45dfb8e38e762efe6614a4,0.0
3619028,5a772a88c4363b3e3aa9c024c45f8c46,6d7a4492be45dfb8e38e762efe6614a4,1.0
3619412,819c6555091e32518b25fc90fee43660,6d7a4492be45dfb8e38e762efe6614a4,0.0
3675477,0ec7b76cae390a31a86ce54413f284db,6eb6c5cb7df0f863538b61a47fcce962,0.0
3676937,a708350d3d8e3358c5f6891ed737a936,6eb6c5cb7df0f863538b61a47fcce962,1.0
3722633,08f39bc6b746bc26013fa99b725e83e6,703d742887bb9267f89b675608ba7aa0,0.0
3724872,f1fc483a199c20417121d6ab1c5171a4,703d742887bb9267f89b675608ba7aa0,0.0
3724883,f377461b37160ea383bbb3535714ba31,703d742887bb9267f89b675608ba7aa0,1.0
3803751,b08b68bac767c3269e827f822d308182,727a46f0b58a9ef165af9f7ebcfebfa9,1.0
3803787,b434a4f306b4eb09c0d57b76f0c4684d,727a46f0b58a9ef165af9f7ebcfebfa9,0.0
3804262,e5d71c2a04ee3a370295b3290a85b2fb,727a46f0b58a9ef165af9f7ebcfebfa9,1.0
3891547,02e9827c15167f699df7bf90d326ffdb,750dcfda0a9788bba89c94bb82a322db,1.0
3892250,4e2d666f4bbc94a8ded712172a433d65,750dcfda0a9788bba89c94bb82a322db,0.0
3924007,11cd4821f3f646fae625b1f043fb5ec3,75d6b6963340c6063f7f4cfcccfe6a30,1.0
3924840,6a7aa34b19aa299c7fdbb1a2e0789ae1,75d6b6963340c6063f7f4cfcccfe6a30,1.0
3926032,e66e1de62896e1bd647e32ddc4fe5bd9,75d6b6963340c6063f7f4cfcccfe6a30,1.0
3926131,eff12d4447f137712a387179ac15799f,75d6b6963340c6063f7f4cfcccfe6a30,0.0
3973538,01e8bcc3377762cf85025138b2901947,777d2e438a1b645f3aec9bd57e92672c,0.0
3973820,1d59e4eecfa206d206db45c317e78920,777d2e438a1b645f3aec9bd57e92672c,0.0
3973889,24f12460aad399ba18f4ed2c2fbab65d,777d2e438a1b645f3aec9bd57e92672c,1.0
3974594,703ad0f8e84588554b834ea24c894ea5,777d2e438a1b645f3aec9bd57e92672c,0.0
3975050,9d42d5ee226121b6dc867197ce0529cc,777d2e438a1b645f3aec9bd57e92672c,0.0
3975512,cfdaaa0caea59b06efb4b0fb8c700684,777d2e438a1b645f3aec9bd57e92672c,0.0
3975700,e2c8e74f4e59280c388ac4e3ebd90933,777d2e438a1b645f3aec9bd57e92672c,1.0
3991314,286d8f01f94a8061cef05c7c49efd8a9,77fa3381855b6763c52ca3b72824f508,0.0
3991472,3872dc3409c953b02afd0feda0b1d812,77fa3381855b6763c52ca3b72824f508,0.0
3992736,bd86b1862fe796149a4d2af57bd85451,77fa3381855b6763c52ca3b72824f508,0.0
3992759,c017dd879d85882c771c816b1c144608,77fa3381855b6763c52ca3b72824f508,1.0
4094156,8dc697d03f771cecc2534534a73eaaf9,7b44e5ea770ef06810f5df89006cc8b2,0.0
4094763,cc3e93d9e1a6a0fab9255f159c3bccff,7b44e5ea770ef06810f5df89006cc8b2,1.0
4101258,6894b2a8a74e1c7fb9452d0cb861e634,7b5d8be0e04080e4c8ee6a7ec2f1f597,0.0
4101704,9627e55290c60f562fa06f399ec6b82f,7b5d8be0e04080e4c8ee6a7ec2f1f597,1.0
4125211,0981a271500799427cdf345e9121e20b,7c1bd920dbdf22470b68bde975dd3ccf,1.0
4125637,35e9d2caa31b87cc3d1ad10d72271140,7c1bd920dbdf22470b68bde975dd3ccf,0.0
4126164,6e6fdec52c6dbf58721bf7a4eaf5b679,7c1bd920dbdf22470b68bde975dd3ccf,1.0
4126270,7973a6ba9c81ecaeb3d628c33c7c7c48,7c1bd920dbdf22470b68bde975dd3ccf,0.0
4126856,b64ebaf3d11b7209fe566364cc359a51,7c1bd920dbdf22470b68bde975dd3ccf,1.0
4126857,b65b4e0ccf23f096b3eb8bce350a400a,7c1bd920dbdf22470b68bde975dd3ccf,0.0
4127247,e016365b624d1755f3e2d0e8f1631ebb,7c1bd920dbdf22470b68bde975dd3ccf,1.0
4127523,fa0cf5b25732a933725b83d2f716000a,7c1bd920dbdf22470b68bde975dd3ccf,0.0
4268377,a8936ae98383967879ba16c1f896bcf7,7fb04722aba7a2b632bac8f9819796f3,1.0
4268435,af68495db2d2d3fc740b5f9799e9ca0f,7fb04722aba7a2b632bac8f9819796f3,1.0
4268609,c1a57f5222ef4a8987b8477784809637,7fb04722aba7a2b632bac8f9819796f3,0.0
4284496,22e2a6909c8debb64e8560df49a25260,803f77475e1b51b47f1bfec4f2ec353f,0.0
4286057,c73db85789b600b05c503d21441940f9,803f77475e1b51b47f1bfec4f2ec353f,1.0
4379769,7c353714ed8789f928faaa4191e85197,82a61259a621866c4ba63743da29a342,0.0
4380347,b896655e2083a1d76b7b85df8fc86e40,82a61259a621866c4ba63743da29a342,1.0
4397905,c90610b4cd15ff318841445c558c41fb,8338cef8355d238f43711dcb9c0657b2,1.0
4398331,f4af0b3f627879bf6801db96949b1e71,8338cef8355d238f43711dcb9c0657b2,1.0
4398371,f87108f2ff59f6cbc898ca230483c0ab,8338cef8355d238f43711dcb9c0657b2,0.0
4423581,1aaca30bd5cf8fb6ff0453d04a2f39ea,83f2c628d86dde5369cde6ffb51d919a,0.0
4424976,ae7953229203866c77c572165c3e5a4a,83f2c628d86dde5369cde6ffb51d919a,1.0
4435774,048dbdf8f9bbd1be87b25868d1408311,84f456958365164420cfc80fbe4c7fab,0.0
4435934,13b708e763ba3e24a290dd972fd0f8fd,84f456958365164420cfc80fbe4c7fab,0.0
4436892,78dc91ac9a6fece2e327f74e96cac0b0,84f456958365164420cfc80fbe4c7fab,0.0
4437979,eaa7ffc3dcd5acf8f4a5fd2412db698a,84f456958365164420cfc80fbe4c7fab,1.0
4478336,24049181c10b33c43c2ea12202542690,868b3136c5b206f91b8208fbfdf2cb7c,1.0
4478980,68baebb3102cf89a3f2979019e77fb54,868b3136c5b206f91b8208fbfdf2cb7c,0.0
4522070,c0842fc6a034863db2d8479df8435492,87dc701592a3d9c9b7b02e6b004f7764,0.0
4522096,c411c8b6dbaffd467263f87a23f2cf52,87dc701592a3d9c9b7b02e6b004f7764,1.0
4525262,06c0ea6ee892364d1608ee47aa9f56a0,880be32f4db1d9f6e2bec38fb6ac23ab,0.0
4525500,1e962724461d2c0db4644277169082e3,880be32f4db1d9f6e2bec38fb6ac23ab,1.0
4527115,c863f613022e5ce024c630ffa65ab51d,880be32f4db1d9f6e2bec38fb6ac23ab,0.0
4556085,703d68159ad7ef05ffb804d0fccedfcb,88e84a987b4681434dedc0bc9e00826b,0.0
4557351,f26a70ca11d3ead9236e4b51dea74135,88e84a987b4681434dedc0bc9e00826b,1.0
4613398,8039b3eb4692041e3e7a17a18dffdf84,8ae1198dd85742fe30b74a96968f250e,0.0
4613993,be272c0ec875163253ca0a577ff4848f,8ae1198dd85742fe30b74a96968f250e,1.0
4647541,3cb53a06e3758a8ee23882c36d2c7ff0,8c591ab0ca519558779df02023177f44,1.0
4648539,a3933b244e31797e3d98cfadd9e1ef08,8c591ab0ca519558779df02023177f44,0.0
4648683,b388ef1fc20ac12fa9fb8bd448d2f961,8c591ab0ca519558779df02023177f44,0.0
4819550,760459e49a4d8703427171c6dbd70c83,90b86c830114ddc888f6380a223ee285,1.0
4820081,ad6f43630e7b620fe39325940b8e9cf1,90b86c830114ddc888f6380a223ee285,0.0
4839244,62aed189592f119e0232b2491de646e1,914c9e9af640dd56f48764a225b00f89,1.0
4839382,71136ba93ec2a882f2f96f59a419f640,914c9e9af640dd56f48764a225b00f89,0.0
5022666,30f2769b3662f1f1a6a6693b34fb1810,976738868bdcc86e959ba2a7b726d4d5,1.0
5024365,e27def83fca14e64279e3a053a0e0924,976738868bdcc86e959ba2a7b726d4d5,0.0
5044818,19d2f667f3e036d0a05af1a1d4c9d9f4,98190f6a2c3253d07ca86525bb238162,1.0
5046672,dce6dc77c19d239bfbe9d77dd4d0ef98,98190f6a2c3253d07ca86525bb238162,0.0
5084356,03cccac05d316dc60827fa7abedd608e,99a4788cb24856965c36a24e339b6058,0.0
5084590,1a74d9e5d5382168097ec7008b5ce470,99a4788cb24856965c36a24e339b6058,1.0
5084641,209e5691e2cda59cd71e45417d7f95a2,99a4788cb24856965c36a24e339b6058,1.0
5084787,3052fa07cdb3c836b158402ea4ee6fb8,99a4788cb24856965c36a24e339b6058,0.0
5084842,358e9205c1df6c01c033d87d2b953d49,99a4788cb24856965c36a24e339b6058,1.0
5084947,4191bcfd448dc07138d2951ea4d10008,99a4788cb24856965c36a24e339b6058,0.0
5084956,4307ca57b237ef2790e2a99ebcf3c7db,99a4788cb24856965c36a24e339b6058,0.0
5085086,5182c0939da37d2f3acd9f2fb8b60d4f,99a4788cb24856965c36a24e339b6058,0.0
5085288,6521633c1bf78289ac3f83f40907a543,99a4788cb24856965c36a24e339b6058,0.0
5085349,6be28ae15cd1e7b3f3f36ac483512822,99a4788cb24856965c36a24e339b6058,0.0
5085481,7989d259bdf69447ee8e00970c3f3228,99a4788cb24856965c36a24e339b6058,0.0
5085515,7c927c2454a57a0e02fcaceb99750523,99a4788cb24856965c36a24e339b6058,0.0
5085517,7cbfdb67d344d745e097fbb2a570c9e6,99a4788cb24856965c36a24e339b6058,0.0
5085530,7e69734dad7cfcbe95aa59f38095057d,99a4788cb24856965c36a24e339b6058,0.0
5085531,7e6d5d468dee1bdb289c8b85f7e839c0,99a4788cb24856965c36a24e339b6058,1.0
5085590,8430dde1b71b7ed69c6fb3936e77157b,99a4788cb24856965c36a24e339b6058,1.0
5085610,86e5bace0b99ae394e73ee02a28fa10e,99a4788cb24856965c36a24e339b6058,0.0
5085631,88d7bbe880e96a4a2ecbf1536d72ac5f,99a4788cb24856965c36a24e339b6058,1.0
5085684,8f6e909d54c48380666fa71e01a13d3f,99a4788cb24856965c36a24e339b6058,0.0
5085714,91fcf0b76faf0a675625fd6fd6f72361,99a4788cb24856965c36a24e339b6058,1.0
5085818,9a56d30e286ddea1374c143d111de34d,99a4788cb24856965c36a24e339b6058,0.0
5085905,a4238bd7610115c6ba248432a104766a,99a4788cb24856965c36a24e339b6058,0.0
5085994,af417df88fa589d65603e559ee80a22c,99a4788cb24856965c36a24e339b6058,0.0
5086158,c0140285255813aa0830caed71942ed5,99a4788cb24856965c36a24e339b6058,0.0
5086304,cf7fc0d217ee5b7273e604a6c34fe163,99a4788cb24856965c36a24e339b6058,1.0
5086342,d2c416a539648f1a516b9e18d0725388,99a4788cb24856965c36a24e339b6058,0.0
5086387,d7e0432688bbd72d3567568903f6117c,99a4788cb24856965c36a24e339b6058,0.0
5086485,e238fba997eec80e48bf8d8689877d89,99a4788cb24856965c36a24e339b6058,0.0
5086582,ec8cf19822473555370553d399f7a654,99a4788cb24856965c36a24e339b6058,0.0
5086598,ed64deed8c00ac7b58e3f75169b87040,99a4788cb24856965c36a24e339b6058,1.0
5086631,f077f1785fb4a5beb0425b5e90f233d5,99a4788cb24856965c36a24e339b6058,1.0
5086735,fa230a26b5583381d0ce9ffc42de2035,99a4788cb24856965c36a24e339b6058,0.0
5086788,ff5f29fbfd0a13f7e7ed9f7b92a32194,99a4788cb24856965c36a24e339b6058,0.0
5097968,7fd460732747aad1fe20e1049400c03d,99f5b2240b82bf9387e5cf2fc0335b08,0.0
5098460,b2bd387fdc3cf05931f0f897d607dc88,99f5b2240b82bf9387e5cf2fc0335b08,1.0
5098810,d7c6335139cb055ed0ce1125ddc788d8,99f5b2240b82bf9387e5cf2fc0335b08,0.0
5123752,e18e5bacd926fa2430662e451bbdfaa9,9a98180ffbd0765e89f11cc8dd2385f4,0.0
5124039,fc75028f1cce2f8a1fafa861429e3819,9a98180ffbd0765e89f11cc8dd2385f4,1.0
5250945,0c7f64065de0b9e719b025ee069d33f8,9e0e152552a1323f7e5dcf63d50cdae3,0.0
5252435,a86680d985911437a0c3f42c3f661b52,9e0e152552a1323f7e5dcf63d50cdae3,1.0
5252933,ddb6c620ec1a4a81641076966fda30ee,9e0e152552a1323f7e5dcf63d50cdae3,0.0
5341165,5d392954355765f0c576fed227c09f59,a09fb9f597a4b8a13ab0c72d70c77081,1.0
5341381,742cd859b972c6c17ec43070d8c3078c,a09fb9f597a4b8a13ab0c72d70c77081,0.0
5395214,1a73a85589f553d255cc0ad4545c588a,a237de12bdf0bfe4fe220bae65a89731,0.0
5395713,518fe6f62ae326d330c8f6576e062994,a237de12bdf0bfe4fe220bae65a89731,0.0
5396791,c091cd3b0b359525897e374dd8ea91c4,a237de12bdf0bfe4fe220bae65a89731,1.0
5457399,21915e1eb765a21b294e4e1215483811,a42d9c825894f96fc6ed02610891454d,1.0
5457994,61575c95d9e40ecb8277a9cd8ace01c8,a42d9c825894f96fc6ed02610891454d,0.0
5482887,651ed17eda0600815cf614b33c535d6b,a50acd33ba7a8da8e9db65094fa990a4,0.0
5483289,8fe4f9a0d6a47babbd498127a9109bd1,a50acd33ba7a8da8e9db65094fa990a4,0.0
5483547,a95a7250342fa968f37ddc74a5199ae6,a50acd33ba7a8da8e9db65094fa990a4,1.0
5483875,cc14ea7099959d91a17c9d7c3a46721d,a50acd33ba7a8da8e9db65094fa990a4,0.0
5534846,4f33256e74e56b333e07e47064ff32fe,a62e25e09e05e6faf31d90c6ec1aa3d1,1.0
5535836,b4807b349d0aed8a80e0aaf8a4b0c3a2,a62e25e09e05e6faf31d90c6ec1aa3d1,1.0
5536110,d0ed9308bbe21930c658ae7a063d040e,a62e25e09e05e6faf31d90c6ec1aa3d1,0.0
5536273,e2492e4188991b6276a4a62a287a5451,a62e25e09e05e6faf31d90c6ec1aa3d1,0.0
5584818,6a5759730186ebb0c1e1882891acbd73,a8075470f960215ffb67624782f80fec,1.0
5585065,83855aa953d1bda3d37b62407695a433,a8075470f960215ffb67624782f80fec,0.0
5642083,75fd60b26fd8ec7f00dff3a5dede2c77,a9516a079e37a9c9c36b9b78b10169e8,0.0
5642164,7dd466ce70871be5aba0ea1a43df6021,a9516a079e37a9c9c36b9b78b10169e8,1.0
5682002,85cc592cd0bc4fda8effa4b10ca8eeb7,aa8d88eb4b9cb38894e33fa624c4287f,0.0
5683058,f2ae19a9a217f8712d77f9c7e9b03c9c,aa8d88eb4b9cb38894e33fa624c4287f,1.0
5745385,058b604a0df6b29f03c540de254b197f,ac7e981115ad47f0e051f1b8b97e73b1,0.0
5747430,dbd31b3de203c2361440cc64fc016ddf,ac7e981115ad47f0e051f1b8b97e73b1,1.0
5758074,2036ec6ec852107bec0c0006239baaf7,aca2eb7d00ea1a7b8ebd4e68314663af,0.0
5758620,5afbb1d2cc7c072e60088e682aa600a3,aca2eb7d00ea1a7b8ebd4e68314663af,0.0
5758766,6a2ae83cded378a462e86a2e4885e750,aca2eb7d00ea1a7b8ebd4e68314663af,0.0
5759140,9171ae6db03a687951df506cf9fb72fa,aca2eb7d00ea1a7b8ebd4e68314663af,1.0
5759239,98e3117841a2431959d17808f04bf23c,aca2eb7d00ea1a7b8ebd4e68314663af,0.0
5759498,b6216e2929abf9261e14d2e40f9a4d17,aca2eb7d00ea1a7b8ebd4e68314663af,0.0
5759752,d052fe86655dae0e952c1bacbbb99d7a,aca2eb7d00ea1a7b8ebd4e68314663af,0.0
5759809,d5b4fce33a7ef8e6025bff334e6bbf1d,aca2eb7d00ea1a7b8ebd4e68314663af,0.0
5815601,493d4fabbc73c10039e8aabc0a74df3e,af2d506fb01b724e03591349ad36b67e,0.0
5816500,a5048a786b49d3222af059e7ee925efd,af2d506fb01b724e03591349ad36b67e,1.0
5850146,2e26da8b07bfb26f89a2c1c22e32f9d6,b000447e24e31a4d7e628ca4d0622131,1.0
5851458,b81c447e1a3203c7ca70eb2b245dc456,b000447e24e31a4d7e628ca4d0622131,0.0
5887910,623674d39fd0350df92b1f91c469ba39,b0c8da302d49498d2ce6be8c631e4e20,1.0
5888145,7a5a23b53277ee5e9d10a9d4b6a3b462,b0c8da302d49498d2ce6be8c631e4e20,0.0
5888352,9099c659f8cd764e87a1482d258fcec9,b0c8da302d49498d2ce6be8c631e4e20,0.0
5894458,0303ef40ef95a500ba038e141c9b935b,b10eba910a974df70b8a12d0665cdb9e,1.0
5894746,201e18d3b497478c79eaf7306aa38a21,b10eba910a974df70b8a12d0665cdb9e,0.0
5920272,67fcfe4915b93624867d350b8191ff7b,b1acb7e8152c90c9619897753a75c973,0.0
5921026,b64ebaf3d11b7209fe566364cc359a51,b1acb7e8152c90c9619897753a75c973,1.0
5921693,fa0cf5b25732a933725b83d2f716000a,b1acb7e8152c90c9619897753a75c973,0.0
5925003,5002e0566eb0074d5ce0cadc0c245d65,b1f32fc9713cf8c0813fff7c9c8262b2,1.0
5925821,a2ee01609cebac76651bfc4814f5500e,b1f32fc9713cf8c0813fff7c9c8262b2,0.0
6031635,3617efb115f44e927be4777c5a72bd9a,b5e13c9a353102f79c6206ff5cb61a50,0.0
6033253,e0c99ffdcd8891130985ac90cd2d8eec,b5e13c9a353102f79c6206ff5cb61a50,1.0
6264698,012452d40dafae4df401bced74cdb490,bb50f2e236e5eea0100680137654686c,1.0
6265831,773427e58e9396f234a16271a8fa4947,bb50f2e236e5eea0100680137654686c,0.0
6266448,b75294c5a223c9e2e7a7571fe4ec34d3,bb50f2e236e5eea0100680137654686c,1.0
6266502,bbb958a40966230acc157e1b4684cf51,bb50f2e236e5eea0100680137654686c,1.0
6266565,c4063084f01f085897c04bcbd81fcb69,bb50f2e236e5eea0100680137654686c,0.0
6266823,ded6fe3fd86ba79274deaf93fe3c4b20,bb50f2e236e5eea0100680137654686c,1.0
6337943,7b70db47e11fe1776e5fad230f1a9be1,bd6e6fce9ada76ea2db0f1912e8e478f,0.0
6338889,def6a1bb25ed86d9fc212b52d45162a1,bd6e6fce9ada76ea2db0f1912e8e478f,1.0
6363798,e3a07a2fce775f67bcf06e6278807608,be1d0cae4c4acf0350ad1295fe5a3299,1.0
6363911,ef5947984bf1aad3ed84c0ad7da9f059,be1d0cae4c4acf0350ad1295fe5a3299,0.0
6364006,f87108f2ff59f6cbc898ca230483c0ab,be1d0cae4c4acf0350ad1295fe5a3299,0.0
6451223,0ecf7f65b5ff3b9e61b637e59f495e0a,c1488892604e4ba5cff5b4eb4d595400,0.0
6452313,81e79c9d3507058b3545edbf91322dd1,c1488892604e4ba5cff5b4eb4d595400,1.0
6456951,5efcc46e1fee22373a28eb2b0f26a6fc,c18ac1d6cc053c0ec7296b994ae6ffeb,1.0
6457861,bdf0db9861842b73a9d715e8574914d6,c18ac1d6cc053c0ec7296b994ae6ffeb,0.0
6513734,371c0b90cfaac9b77d1b4198c6c66f3f,c384e8f1f1c380ef1dbafaf080ba25fc,1.0
6515554,f4d5dbff0ff56deb045c6ee80b7d5fcc,c384e8f1f1c380ef1dbafaf080ba25fc,0.0
6523673,3702265e16e5246cff7462ea675f6d90,c403e106353e1aa40efe783ecb39ed7a,1.0
6524060,615922c430abddd368735199c38e735d,c403e106353e1aa40efe783ecb39ed7a,0.0
6525339,e5eed5d0afc1ee8620468918995df9f6,c403e106353e1aa40efe783ecb39ed7a,0.0
6565770,281e1e72207e518c29b249a1361a775d,c56400aa5823575d5a92a8f98077490a,0.0
6567064,afb480f31af6e82ab67777121fad6dc5,c56400aa5823575d5a92a8f98077490a,1.0
6596088,5cdb73d2cb4862f0ca6436884e34b3a3,c6336fa91fbd87c359e44f5dca5a90ed,0.0
6596259,6f22857001b77949eb8110295fced3ff,c6336fa91fbd87c359e44f5dca5a90ed,1.0
6597345,e0a435b6106cae0bc42a2cef0565b622,c6336fa91fbd87c359e44f5dca5a90ed,1.0
6637561,0a3fd9a9aeae46f86e5c05983bf83757,c708ba7c6269161f89ce0683cdd7c432,0.0
6637640,1377d9215edc3e6561ea64d1287f215f,c708ba7c6269161f89ce0683cdd7c432,0.0
6638031,3d1a4de14cf22cdd33d99140e82f1587,c708ba7c6269161f89ce0683cdd7c432,0.0
6638470,6b46cfed037b73c631cf418c96169857,c708ba7c6269161f89ce0683cdd7c432,0.0
6639567,de3da035327809e57b95f4da954f2322,c708ba7c6269161f89ce0683cdd7c432,0.0
6639702,ebd16156e915376664512033f080f70d,c708ba7c6269161f89ce0683cdd7c432,1.0
6657806,3221bbf5c8e0b3f8b04127f6572967e8,c7b3cf9de7be95b3e09e7a63315685eb,1.0
6658116,5467eed8a42140fc446e13f0c1317ed8,c7b3cf9de7be95b3e09e7a63315685eb,1.0
6658996,aecfcfbdbed5deaea72b8f500f5bd071,c7b3cf9de7be95b3e09e7a63315685eb,0.0
6659091,b8939dbecf0659982b0e7d21c3731f7b,c7b3cf9de7be95b3e09e7a63315685eb,0.0
6669962,14afe9d03d873d13efc3f5838bcf635f,c857b96593773e940454e76efa8eabb3,1.0
6670553,558e83cbe6bde610b528833d16ba588e,c857b96593773e940454e76efa8eabb3,0.0
6670782,6c45a9350eb05fba53a297c2491a32c5,c857b96593773e940454e76efa8eabb3,1.0
6671366,a8400719a4cd8010278435720be729ed,c857b96593773e940454e76efa8eabb3,1.0
6671493,b6216e2929abf9261e14d2e40f9a4d17,c857b96593773e940454e76efa8eabb3,0.0
6672114,f5344c7feb209d1e8a9de5d60ed79331,c857b96593773e940454e76efa8eabb3,0.0
6720297,598ef1f13aba15f2b88387184f6c25ec,c9dbe2eec19a8093cb5ac57486531c18,0.0
6721502,d56d91e2989c2aefa2eb79fb0942c1a2,c9dbe2eec19a8093cb5ac57486531c18,1.0
6741927,0a03d7a7861ba16d55797bae954972be,cac9e5692471a0700418aa3400b9b2b1,0.0
6742383,3a73ce6fc3b392e1ca609b5548418c36,cac9e5692471a0700418aa3400b9b2b1,0.0
6742713,5de99aeb246c239dfdb3db80bd8d8379,cac9e5692471a0700418aa3400b9b2b1,0.0
6743113,87c907fa30dd1bd3709c84b912b50c7f,cac9e5692471a0700418aa3400b9b2b1,0.0
6743171,8e41ce0cce0cde2b938d656c2eef051e,cac9e5692471a0700418aa3400b9b2b1,1.0
6744276,fe5462d3581d238ff2f78d8f0220a86c,cac9e5692471a0700418aa3400b9b2b1,1.0
6774489,251bd18a6617e556d406a86ccf947c6c,cbdb9bf611328898bd4b32a384506b3a,0.0
6774727,3f01021289a4c54f1c984262f4ba625b,cbdb9bf611328898bd4b32a384506b3a,1.0
6775895,b8f5e262105d173c8b1a866469789648,cbdb9bf611328898bd4b32a384506b3a,0.0
6848986,201e18d3b497478c79eaf7306aa38a21,ce6f74096c84567f22728c84f3d6e7fc,0.0
6849267,3e43e6105506432c953e165fb2acf44c,ce6f74096c84567f22728c84f3d6e7fc,0.0
6850609,ca19235d341e7cd7f491081b23b3c87a,ce6f74096c84567f22728c84f3d6e7fc,1.0
6853985,22d9294df64909d5f8d4a23809b1d8aa,cec09725da5ed01471d9a505e7389d37,0.0
6854187,37d2d1ac62901f9a36cff32ca86c9337,cec09725da5ed01471d9a505e7389d37,1.0
6854564,61575c95d9e40ecb8277a9cd8ace01c8,cec09725da5ed01471d9a505e7389d37,0.0
6855096,96f9204de777192f8feb7776d3cd09b4,cec09725da5ed01471d9a505e7389d37,0.0
6855825,e378ece7324086aedbcb98b5f5eed332,cec09725da5ed01471d9a505e7389d37,0.0
6891739,575e8735ac3203bfb92c7d52919faf70,d017a2151d543a9885604dc62a3d9dcc,0.0
6892272,8e4547314b8fea1abee84fa14a782a31,d017a2151d543a9885604dc62a3d9dcc,1.0
6892605,b0244718d4393188d94d5dce8224f2ff,d017a2151d543a9885604dc62a3d9dcc,0.0
6892664,b6aa5a87f6c08e2510324edca009810f,d017a2151d543a9885604dc62a3d9dcc,0.0
6892891,ce810a11e88562c4c10f642e7487c5a5,d017a2151d543a9885604dc62a3d9dcc,0.0
6893003,daa7bbf7016cc30bf64f97d1db63e5e6,d017a2151d543a9885604dc62a3d9dcc,0.0
6991717,92dbdc7fbc3c4ec5fc1f7e7cb004060c,d2f5484cbffe4ca766301b21ab9246dd,1.0
6991819,9b74eb2e52bbbb88985c2fb43e02beae,d2f5484cbffe4ca766301b21ab9246dd,0.0
7093237,6ca6ba9784c299b15a7ffdda7bae2927,d5991653e037ccb7af6ed7d94246b249,0.0
7093541,8d0e0879191d761df1fde63cd721065d,d5991653e037ccb7af6ed7d94246b249,0.0
7093629,94aea9aae532453c72b6afbfe0eaec10,d5991653e037ccb7af6ed7d94246b249,1.0
7198194,a8bfc5f0c511a76ceed6b30b1d03efa6,d8c0c707d3724304033f593878cbf1e6,0.0
7198467,c6486396f81f9bd9ac88eec710284543,d8c0c707d3724304033f593878cbf1e6,1.0
7247778,9bc158770d28e135f48b0c3fb2c21d27,da97969972a524bca894f97ea6bcff90,1.0
7248616,f3d7cb12e7dc54a424d935aae4426461,da97969972a524bca894f97ea6bcff90,0.0
7268259,dc813062e0fc23409cd255f7f53c7074,db12039c7ff4e850d48e0312fa9b3473,0.0
7268342,e47c73d951eedaa5b1c89e6edcd27693,db12039c7ff4e850d48e0312fa9b3473,1.0
7292937,c9b3b24308b1a4587ffa3e60fafc2b1f,dbb4ce89c8ed5fb6fd901e2e51093179,0.0
7293317,f0faf537c019a5dcaa0496f9d21939ad,dbb4ce89c8ed5fb6fd901e2e51093179,1.0
7345737,06c0ea6ee892364d1608ee47aa9f56a0,dd6a505f83dd3c6326aa9856519e0978,0.0
7346829,7959ffbef5378bff095bae2150070250,dd6a505f83dd3c6326aa9856519e0978,0.0
7347738,d7e306d63be84c9bd5cecf2f851d3c19,dd6a505f83dd3c6326aa9856519e0978,0.0
7347841,e28538e3001edb06752b7fc98b6ed97e,dd6a505f83dd3c6326aa9856519e0978,0.0
7348090,fadc694fb572f20bbf62f2edf3c8a2bf,dd6a505f83dd3c6326aa9856519e0978,1.0
7402959,0cebc51f6dd978db9fa4f66e0b01b2db,dfb97c88e066dc22165f31648efe1312,0.0
7403792,651ed17eda0600815cf614b33c535d6b,dfb97c88e066dc22165f31648efe1312,0.0
7404194,8fe4f9a0d6a47babbd498127a9109bd1,dfb97c88e066dc22165f31648efe1312,0.0
7404452,a95a7250342fa968f37ddc74a5199ae6,dfb97c88e066dc22165f31648efe1312,1.0
7421870,ac939740cbc9e252219dd33ec9680158,e06f99e79036d681effa3de75989bf22,1.0
7422213,d01d54208bf0038028d9fba4bd495ea2,e06f99e79036d681effa3de75989bf22,0.0
7433110,3012dd6d7cbfef5b7a47840ecb85e412,e0cf79767c5b016251fe139915c59a26,0.0
7433921,8505734f21396405b5477c75a45734fe,e0cf79767c5b016251fe139915c59a26,1.0
7433983,8cef958341c4de7f7c982a729d3992d7,e0cf79767c5b016251fe139915c59a26,0.0
7435022,f6668ad7a21a02660cd75f1ea3653487,e0cf79767c5b016251fe139915c59a26,0.0
7435054,f9b12cbf236e9ec94b4a0896246b1387,e0cf79767c5b016251fe139915c59a26,0.0
7439024,935b9c5a3162185f88dac06d8d08d623,e0d64dcfaa3b6db5c54ca298ae101d05,0.0
7439190,a331b262a1e59c1452d774af0e33c465,e0d64dcfaa3b6db5c54ca298ae101d05,0.0
7439278,ae4395be33e633d0c87010d59847e5ed,e0d64dcfaa3b6db5c54ca298ae101d05,1.0
7455590,3c801d053bcdee6a0d8bd452e2f54e23,e15cee02291017f6f12b4115ffb417e6,0.0
7456791,b96c32251a4b7a0555341d03afa8eef7,e15cee02291017f6f12b4115ffb417e6,1.0
7456896,c55821f6a2a59a93d4cde13a2ec14661,e15cee02291017f6f12b4115ffb417e6,0.0
7587066,237dfb57ee5ac9e68310bfd4bd816149,e53e557d5a159f5aa2c5e995dfdf244b,0.0
7587139,2c03431d52e6ae4479a2a2310fb2e481,e53e557d5a159f5aa2c5e995dfdf244b,0.0
7587172,2f2f4b5a5700a5b108e6da7f0f5f5bb3,e53e557d5a159f5aa2c5e995dfdf244b,1.0
7587446,4e32c2752aeaa8d8b99da2b145a1c826,e53e557d5a159f5aa2c5e995dfdf244b,0.0
7587492,525fdc9cc1afa67763b7f17ce6895e27,e53e557d5a159f5aa2c5e995dfdf244b,1.0
7587984,8418b8ecfc9702b5eacddc5e75a4dcca,e53e557d5a159f5aa2c5e995dfdf244b,0.0
7588016,87edab45c7b7068800caa444e90bf164,e53e557d5a159f5aa2c5e995dfdf244b,0.0
7588093,90c312d2299d36c16bbaa3d717b3dfba,e53e557d5a159f5aa2c5e995dfdf244b,0.0
7588105,91da289fa4deba62c108246d150a8f4e,e53e557d5a159f5aa2c5e995dfdf244b,0.0
7588144,94aea9aae532453c72b6afbfe0eaec10,e53e557d5a159f5aa2c5e995dfdf244b,0.0
7588276,a22dc07295cb047e6807c7a5db326219,e53e557d5a159f5aa2c5e995dfdf244b,1.0
7588278,a231b02134665d0d59438a0008e6e082,e53e557d5a159f5aa2c5e995dfdf244b,0.0
7588302,a4669a28dd126c93ca64ddf49a15e496,e53e557d5a159f5aa2c5e995dfdf244b,0.0
7588541,be4eb163762cf164f26f81021c4a5e97,e53e557d5a159f5aa2c5e995dfdf244b,0.0
7588548,bf257f507db19138f5bc4065313c1f87,e53e557d5a159f5aa2c5e995dfdf244b,0.0
7629908,631ca5d668f00357d6251085eb97bfa0,e6b6e13cf71449a457269f425b89dc74,1.0
7630189,803b4fc75d3fe8c5dbed83f50b3fbd8c,e6b6e13cf71449a457269f425b89dc74,0.0
7631230,ed0c1fea8c117647834a39edd665533d,e6b6e13cf71449a457269f425b89dc74,1.0
7661630,24fb2954f8c6cdb4b900ed8db6dc88e2,e7d26dd6742baca292020c158e6720c3,1.0
7663080,bd859b24955ed06b0605a79f60ef34f9,e7d26dd6742baca292020c158e6720c3,0.0
7838216,34d9d4be6e7d5d9dfb87ff6fc9455b59,ed2067a9c1f79553088a3c67b99a9f97,1.0
7839174,987240c66392cc81f1a1fb47f54356b3,ed2067a9c1f79553088a3c67b99a9f97,0.0
7839690,cfe96f24bd8c36325e0d92e44324cf66,ed2067a9c1f79553088a3c67b99a9f97,0.0
7872566,078401292a38d006a34bb0c4b31f6e31,ee0c1cf2fbeae95205b4aa506f1469f0,1.0
7872855,24fb2954f8c6cdb4b900ed8db6dc88e2,ee0c1cf2fbeae95205b4aa506f1469f0,0.0
7874240,b6dc40aebb90a145cf9a416dc0bc98b6,ee0c1cf2fbeae95205b4aa506f1469f0,1.0
7883069,43a1d7fce4fffa3adb9d81586f5f3ecd,ee406bf28024d97771c4b1e8b7e8e219,0.0
7883766,8c659761d9bde76166380a327d1763b7,ee406bf28024d97771c4b1e8b7e8e219,1.0
7883867,957dfd241f2ec78136a327c641bcf9de,ee406bf28024d97771c4b1e8b7e8e219,1.0
7884131,b17ed96ffdf66518b4cf65e328298e7b,ee406bf28024d97771c4b1e8b7e8e219,0.0
7913247,6871b052a835417d6d2e11153e0d3c2c,eebbed5ed3b134eceb717496c47652ba,1.0
7914198,cb525772eb23f6e4d2e29a0414a5f3bc,eebbed5ed3b134eceb717496c47652ba,0.0
7969833,2ca146afdc417229cb341acc762228af,f0b543161e745b6c80a79c368db167a5,0.0
7970894,997ae69514e4159b5b9e24a1e74e691f,f0b543161e745b6c80a79c368db167a5,1.0
8002154,2dfafba03464ada6371a57ef1e94cc4b,f1c7f353075ce59d8a6f3cf58f419c9c,1.0
8002480,51d8d985d769925b981b4a34ddf6dfc6,f1c7f353075ce59d8a6f3cf58f419c9c,0.0
8002911,7d8a99bb8d90dda2a158704bdb5c988d,f1c7f353075ce59d8a6f3cf58f419c9c,1.0
8037154,45df9d71b80f651fcfd26763eebd027a,f2f411f86bd5bd427e28e2a30771761f,1.0
8038209,b2563478ebf8bdfe13eca2364484373a,f2f411f86bd5bd427e28e2a30771761f,0.0
8059316,2e8451f99c0515636908ff1f6ba45449,f3ead0dbcae5b065731b183396c1da2f,0.0
8061031,e23daf58ce481f3d38066e654ef610cb,f3ead0dbcae5b065731b183396c1da2f,1.0
8076802,372c5519d40e30b96734fec213649f25,f45cf520fba787f057d57c5c8138668f,0.0
8077375,757bad2b90b64c441cbc7c9e9a1cc421,f45cf520fba787f057d57c5c8138668f,1.0
8077946,afc77e03c590ad904a558c770cb31429,f45cf520fba787f057d57c5c8138668f,1.0
8124409,6222ef69df52b4ed71be551725551cc0,f5d8f4fbc70ca2a0038b9a0010ed5cb0,0.0
8125860,f7b981e8a280e455ac3cbe0d5d171bd1,f5d8f4fbc70ca2a0038b9a0010ed5cb0,1.0
8149606,85c30f6989528b01b07b63e28299b9bd,f71973c922ccaab05514a36a8bc741b8,1.0
8149996,aecfcfbdbed5deaea72b8f500f5bd071,f71973c922ccaab05514a36a8bc741b8,0.0
8150091,b8939dbecf0659982b0e7d21c3731f7b,f71973c922ccaab05514a36a8bc741b8,0.0
8188769,48b6916b505792a199f8fe6d844053f3,f889fb87b505b73de10c18b93352469f,0.0
8188878,548a09978548d2e347d494793e34c797,f889fb87b505b73de10c18b93352469f,0.0
8190240,e17ffe64ded26a060871b2c6cb77dc69,f889fb87b505b73de10c18b93352469f,1.0
8265868,4f928a6270233d6c7c4e73919fa12295,fb55982be901439613a95940feefd9ee,0.0
8266338,7f0a32f4af1dd3e5f0c45a633ace40ba,fb55982be901439613a95940feefd9ee,0.0
8266364,81ea1f2d25c94b2d16c143331381635d,fb55982be901439613a95940feefd9ee,0.0
8266534,9401f50e506539002baf51c87eeda30a,fb55982be901439613a95940feefd9ee,1.0
8285494,330ca5e049b32835732e86fdf8402418,fbce4c4cb307679d89a3bf3d3bb353b9,0.0
8285520,3573b9d42bc178dbd9498308a0f2ea97,fbce4c4cb307679d89a3bf3d3bb353b9,1.0
8286458,973f2fba63a7eb540f8860b0c75b63cb,fbce4c4cb307679d89a3bf3d3bb353b9,0.0
8330639,5ec923ab8b42bee304595138015f7a47,fcf28afb1353f2f12ea041dd74954226,1.0
8331225,9a24d8a8387c665544e78bcee4359c34,fcf28afb1353f2f12ea041dd74954226,1.0
8332110,f6b94c0a1b023dff6ff51bae4a8a8900,fcf28afb1353f2f12ea041dd74954226,0.0
8431825,146265db442ac781517deaa33d1be2d0,ffd4bf4306745865e5692f69bd237893,1.0
8432682,70167d9510c6f54bd29bbffd0f4d9e90,ffd4bf4306745865e5692f69bd237893,0.0
